id,first_name,email,gender,date_of_birth
1,Sanson,srodriguez0@symantec.com,Genderqueer,2014-02-14 16:02:24
2,Gibb,gkenrick1@tiny.cc,Female,1997-05-03 17:53:39
3,Rudolph,rderuel2@netscape.com,Male,2019-04-20 15:51:48
4,Ellyn,erollin3@scribd.com,Genderfluid,2020-10-02 18:13:35
5,Lydie,lnavarro4@taobao.com,Agender,2018-12-12 17:38:17
6,Kean,kgiottini5@elpais.com,Genderqueer,2009-09-09 21:29:07
7,Tomasina,tcoolbear6@blinklist.com,Male,2002-12-21 08:37:31
8,Basil,bnoblet7@newyorker.com,Non-binary,2016-10-27 07:26:53
9,Violet,vdelcastello8@t.co,Polygender,2012-01-11 03:35:51
10,Essa,egresley9@fotki.com,Polygender,2020-02-14 23:24:34
11,Benita,bphonixa@opera.com,Genderfluid,2015-12-21 23:02:58
12,Maurizia,mpfeufferb@example.com,Genderfluid,2010-06-24 06:26:09
13,Tania,tcorfieldc@mapy.cz,Genderqueer,2011-10-30 00:31:42
14,Elia,emacmechand@nature.com,Bigender,1992-07-13 18:25:36
15,Herb,hcrebere@vinaora.com,Genderqueer,2008-09-24 08:40:43
16,Hunfredo,htompsettf@biglobe.ne.jp,Bigender,2001-11-12 07:57:53
17,Pembroke,pmcgrahg@nasa.gov,Genderfluid,2018-04-15 06:21:34
18,Merilee,mtembletth@usa.gov,Female,1998-05-20 16:29:18
19,Ethe,enaerupi@apple.com,Genderqueer,2012-08-21 07:34:38
20,Jillene,jagronj@unc.edu,Agender,1998-12-06 16:46:11
21,Chance,ceatek@google.com,Male,2008-06-24 12:14:05
22,Fanni,fdalrymplel@i2i.jp,Bigender,1993-09-18 01:22:59
23,Hilde,hkipplingm@delicious.com,Female,1994-12-17 21:14:14
24,Corbie,ckordtn@ning.com,Genderfluid,1994-09-12 10:26:17
25,Nikolai,nhazarto@youtu.be,Male,2001-11-11 18:32:21
26,Buddie,bpenquetp@de.vu,Polygender,1996-02-17 14:17:29
27,Julius,jcromarq@eventbrite.com,Genderfluid,2017-11-23 20:30:01
28,Jose,jlangtryr@auda.org.au,Polygender,2006-03-18 03:55:13
29,Padgett,psummerskills@phoca.cz,Agender,2013-02-18 19:17:02
30,Salaidh,scallandert@posterous.com,Polygender,1994-08-27 05:36:35
31,Talia,tbeezeu@cloudflare.com,Genderfluid,1991-07-03 17:13:24
32,Papagena,peilersv@cnbc.com,Bigender,2008-03-03 04:33:31
33,Judith,jlaisterw@wsj.com,Genderfluid,2001-03-28 15:16:00
34,Hi,haubrayx@istockphoto.com,Polygender,2019-07-17 23:37:58
35,Alexandrina,amangeony@macromedia.com,Non-binary,1999-04-19 18:52:00
36,Cecile,ccortinz@wsj.com,Genderqueer,1997-11-08 00:30:02
37,Carlee,cortega10@theglobeandmail.com,Genderfluid,2015-02-05 09:44:18
38,Hazel,hbrickett11@zimbio.com,Genderqueer,2012-08-31 16:52:47
39,Claus,conele12@narod.ru,Non-binary,2011-09-10 01:26:18
40,Simonette,stoten13@list-manage.com,Non-binary,2012-12-14 01:19:30
41,Grant,gsimpole14@plala.or.jp,Male,2011-11-30 14:22:49
42,Dreddy,dmackall15@infoseek.co.jp,Male,1991-01-05 12:10:40
43,Simmonds,sboakes16@businessinsider.com,Bigender,2008-04-03 15:25:45
44,Stanford,sphilott17@chron.com,Genderfluid,2008-01-18 02:58:10
45,Corabella,ccarlill18@bbb.org,Non-binary,1999-02-16 21:00:26
46,Ginni,goconnell19@bbb.org,Agender,1994-02-18 09:35:09
47,Dani,dsaleway1a@ted.com,Genderqueer,1997-03-04 19:01:39
48,Eran,etschersich1b@soup.io,Female,2017-08-24 10:01:19
49,Jack,jgent1c@blogs.com,Polygender,1997-09-27 06:05:38
50,Bab,bkidde1d@furl.net,Non-binary,2008-06-22 13:46:52
51,George,gstrognell1e@blinklist.com,Genderfluid,2017-10-08 14:41:34
52,Ellyn,estainland1f@linkedin.com,Non-binary,2002-02-01 18:04:17
53,Kent,kpotten1g@weather.com,Polygender,2005-08-26 01:52:04
54,Deedee,dmccaughren1h@cocolog-nifty.com,Genderqueer,2000-07-14 14:01:55
55,Frederico,fbackshill1i@ifeng.com,Male,2007-03-14 04:04:45
56,Lillis,lmcgall1j@yellowpages.com,Male,1995-08-22 00:54:41
57,Nicole,nscarth1k@bravesites.com,Genderfluid,2018-03-04 00:42:51
58,Rivkah,rbawden1l@qq.com,Bigender,2003-02-09 22:02:40
59,Sibley,sley1m@ucoz.ru,Genderfluid,2020-12-29 07:41:21
60,Hynda,hgravener1n@mashable.com,Bigender,1992-07-01 22:40:09
61,Lorri,lkleinlerer1o@usda.gov,Non-binary,2014-12-13 03:37:48
62,Raychel,rducket1p@wufoo.com,Agender,2016-01-12 05:00:01
63,West,wwillcox1q@ifeng.com,Bigender,2007-04-14 09:20:11
64,Drew,dcumesky1r@ning.com,Agender,2010-04-03 01:47:24
65,Doll,dchalcraft1s@comsenz.com,Polygender,2007-07-01 13:46:15
66,Mickey,mbudgeon1t@artisteer.com,Polygender,2001-05-25 16:38:13
67,Laverna,lsiveter1u@ustream.tv,Male,2019-11-05 08:16:50
68,Monte,mbavidge1v@tamu.edu,Genderqueer,2001-10-26 16:41:32
69,Renault,rpelz1w@edublogs.org,Genderqueer,1998-05-17 04:31:43
70,Irv,ijandak1x@jiathis.com,Genderfluid,2019-01-19 15:35:36
71,Shae,srummings1y@time.com,Genderqueer,2020-11-25 06:02:07
72,Ignacius,iroberts1z@about.com,Agender,2018-10-22 21:12:48
73,Megan,mgilhouley20@w3.org,Female,2009-06-23 08:38:17
74,Juan,jdormand21@npr.org,Polygender,2017-11-13 03:27:53
75,Rolfe,rgreedy22@freewebs.com,Non-binary,2006-09-25 23:50:33
76,Stevena,sgeggie23@bigcartel.com,Male,2010-02-07 04:07:14
77,Vanya,vlamba24@house.gov,Polygender,2010-01-05 10:22:51
78,Cordelie,chalworth25@hc360.com,Female,2006-08-22 14:52:28
79,Keven,kboustred26@howstuffworks.com,Genderqueer,2008-10-27 19:06:55
80,Malvina,mcongdon27@uol.com.br,Genderqueer,1998-12-28 06:42:10
81,Isaak,iwhatsize28@delicious.com,Bigender,2001-05-10 14:22:09
82,Yasmeen,ysprott29@microsoft.com,Female,2000-08-22 01:20:33
83,Leda,lrathborne2a@netscape.com,Genderfluid,2008-04-27 23:46:43
84,Kania,kbestman2b@cbc.ca,Genderqueer,2003-01-01 06:18:44
85,Gwenneth,gjolland2c@narod.ru,Agender,2001-06-14 09:18:57
86,Kameko,khynam2d@technorati.com,Polygender,2019-05-27 21:28:41
87,Linnea,lrichardes2e@google.co.uk,Non-binary,1998-09-26 04:37:29
88,Homerus,hcomport2f@usgs.gov,Bigender,2014-05-06 07:45:32
89,Brittani,bhaseldine2g@bravesites.com,Agender,2005-02-06 19:00:21
90,Pepillo,pblunn2h@ezinearticles.com,Female,1995-08-19 20:39:23
91,Husein,hpasquale2i@stumbleupon.com,Genderqueer,2009-08-17 12:48:08
92,Caresse,cchamberlaine2j@constantcontact.com,Male,1991-09-07 17:08:27
93,Dasha,djuleff2k@comsenz.com,Genderfluid,1995-07-05 05:46:05
94,Benedicta,bpriddie2l@comcast.net,Agender,2004-08-18 20:08:14
95,Hermann,hsimeoli2m@chronoengine.com,Polygender,1999-08-25 21:25:06
96,Jermayne,jlaban2n@google.pl,Agender,2017-12-15 07:27:50
97,Geri,gbaison2o@wufoo.com,Genderqueer,2002-02-02 05:29:48
98,Matias,mbenda2p@arizona.edu,Polygender,2013-11-20 05:54:31
99,Briney,bblazynski2q@dailymotion.com,Female,2008-10-17 18:55:11
100,Alexander,asiege2r@jalbum.net,Polygender,2002-07-13 05:29:45
101,Theresa,thaldon2s@cocolog-nifty.com,Agender,2006-05-10 14:34:04
102,Andee,aambroz2t@wp.com,Genderqueer,2012-04-25 00:15:05
103,Katherina,kdovington2u@skyrock.com,Agender,2006-04-16 01:25:21
104,Nancy,nmatei2v@ucsd.edu,Agender,2002-10-30 02:27:53
105,Ki,kreadett2w@arizona.edu,Bigender,2014-09-21 03:34:53
106,Caril,credgrove2x@comsenz.com,Male,2008-10-18 18:05:32
107,Fern,fkubiczek2y@jimdo.com,Genderfluid,1997-05-11 09:39:08
108,Roseanna,rjumonet2z@freewebs.com,Genderqueer,2001-10-23 23:45:10
109,Virgilio,vgatley30@google.com.au,Non-binary,2003-05-24 15:01:33
110,Josefa,jgolthorpp31@cmu.edu,Genderfluid,1993-12-06 09:13:10
111,Eirena,elehon32@mozilla.com,Genderqueer,2005-09-16 11:27:14
112,Daile,dleser33@studiopress.com,Non-binary,1997-02-03 20:45:21
113,Harriot,hsussems34@devhub.com,Bigender,2021-07-18 18:54:09
114,Christy,cdeneve35@pinterest.com,Non-binary,1991-01-31 07:38:44
115,Crissy,crollings36@harvard.edu,Genderfluid,2003-11-01 16:12:45
116,Tallia,tgeratt37@cisco.com,Female,2003-02-17 00:57:34
117,Daniella,dlorenzetto38@latimes.com,Polygender,2004-10-07 22:34:16
118,Lisbeth,lausten39@accuweather.com,Genderqueer,2001-08-07 04:56:09
119,Lettie,ltoulch3a@miitbeian.gov.cn,Bigender,2016-07-19 14:56:26
120,Zabrina,zspyer3b@dmoz.org,Genderfluid,2003-07-26 06:26:49
121,Agatha,aegger3c@ox.ac.uk,Bigender,2014-10-15 03:52:04
122,Golda,gprewett3d@wp.com,Male,1996-12-20 20:19:34
123,Katharyn,kschlagh3e@com.com,Male,1997-08-10 07:30:19
124,Trumann,thandmore3f@craigslist.org,Polygender,2000-08-09 07:59:47
125,Larisa,ldightham3g@washington.edu,Bigender,2001-01-14 08:14:57
126,Jocelyn,jtretwell3h@scribd.com,Agender,2000-12-15 21:16:38
127,Ody,ocornill3i@washington.edu,Female,1993-10-09 16:23:29
128,Karlis,kmarfell3j@adobe.com,Genderfluid,2016-09-04 14:35:53
129,Kermy,ksambeck3k@amazonaws.com,Genderqueer,1991-03-20 05:31:55
130,Ludvig,lreicharz3l@amazonaws.com,Non-binary,2006-07-15 02:36:10
131,Juline,jspriggen3m@bbc.co.uk,Female,2010-02-28 20:09:24
132,Clem,clewnden3n@baidu.com,Agender,1994-11-07 07:27:44
133,Worden,wwolfer3o@independent.co.uk,Polygender,1996-02-29 10:26:45
134,Chrisse,cduggen3p@nbcnews.com,Male,1997-06-18 14:43:10
135,Kaia,kcolquite3q@blogger.com,Female,2002-02-01 03:10:51
136,Kalinda,kstoter3r@toplist.cz,Bigender,2002-05-21 10:26:48
137,Fransisco,fmaudlen3s@imgur.com,Male,2016-02-21 17:18:11
138,Leshia,lfinlry3t@zimbio.com,Genderfluid,2007-02-05 17:32:59
139,Ardene,astaines3u@wikimedia.org,Polygender,1994-09-14 16:46:08
140,Rosella,rsmitheram3v@arstechnica.com,Agender,2018-10-23 13:45:57
141,Verne,vfiddeman3w@cisco.com,Bigender,2007-10-22 10:23:49
142,Moe,meccles3x@alibaba.com,Non-binary,2004-10-18 19:06:41
143,Earlie,eing3y@zdnet.com,Genderqueer,1995-09-22 10:22:22
144,Elvyn,eturfus3z@vinaora.com,Genderfluid,2001-09-20 10:24:11
145,Ophelie,omaccague40@senate.gov,Genderqueer,2018-06-15 17:16:05
146,Becka,batlee41@state.tx.us,Genderqueer,1995-05-11 13:38:09
147,Linus,lmenis42@yahoo.com,Polygender,2009-06-27 09:58:05
148,Jody,jmcghie43@chron.com,Agender,1992-12-19 17:01:49
149,Celeste,cfausset44@bigcartel.com,Agender,2020-09-06 02:00:04
150,Itch,ierwin45@instagram.com,Agender,1994-10-31 03:36:48
151,Daloris,dgloster46@simplemachines.org,Bigender,2010-02-25 17:53:27
152,Noreen,ncordall47@businessweek.com,Female,2004-10-29 21:49:17
153,Alisha,amaclaig48@unblog.fr,Male,2010-12-29 10:05:34
154,Madeline,mbullier49@harvard.edu,Bigender,1999-03-17 19:22:43
155,Jill,jmcduffie4a@ox.ac.uk,Male,2012-02-14 13:21:03
156,Rabbi,rperel4b@xinhuanet.com,Non-binary,1992-06-01 17:44:11
157,Beret,bperrygo4c@clickbank.net,Agender,2001-12-19 23:39:45
158,Alleyn,aloudyan4d@irs.gov,Bigender,2015-08-04 20:47:56
159,Joelie,jscottesmoor4e@cdc.gov,Female,2000-04-28 05:01:38
160,Aimil,adavey4f@sphinn.com,Male,2000-07-22 01:48:10
161,Mary,msnelle4g@dot.gov,Bigender,1996-10-02 12:08:05
162,Brooks,bpughe4h@surveymonkey.com,Male,2019-06-22 07:41:46
163,Tull,tgrealey4i@aboutads.info,Non-binary,2001-01-16 00:11:25
164,Madeleine,mmaddinon4j@nba.com,Female,2019-08-05 17:38:39
165,Stacey,smortimer4k@redcross.org,Polygender,2001-09-23 13:56:11
166,Myrvyn,mpineaux4l@state.tx.us,Female,2016-09-22 18:50:31
167,Mela,mpassie4m@state.gov,Bigender,1995-09-04 07:11:55
168,Dominic,dclayborn4n@blogger.com,Agender,1992-04-09 20:05:30
169,Leland,ldepaepe4o@ebay.com,Genderfluid,2009-01-07 06:03:48
170,Tommie,tkermitt4p@aol.com,Genderqueer,2021-05-16 11:35:36
171,Duky,dsalway4q@twitpic.com,Bigender,1994-12-03 22:37:44
172,Lauryn,labramzon4r@reverbnation.com,Agender,2007-07-26 02:06:32
173,Orin,ofryatt4s@telegraph.co.uk,Agender,1996-04-02 04:13:02
174,Cleve,clorence4t@elegantthemes.com,Genderfluid,1998-02-08 11:16:31
175,Dedra,dcaldayrou4u@abc.net.au,Agender,1996-09-06 12:20:39
176,Coralyn,cwithrington4v@utexas.edu,Male,1991-05-14 06:47:33
177,Jedd,jbramont4w@youku.com,Male,2018-10-14 10:55:48
178,Mord,mlovatt4x@imgur.com,Female,1997-07-18 00:45:09
179,Vassily,vwolstenholme4y@com.com,Male,2017-09-02 18:51:09
180,Lacee,lbridgeman4z@csmonitor.com,Polygender,2011-07-05 01:01:39
181,Cristi,cfarenden50@netlog.com,Female,1993-09-23 13:11:41
182,Rosco,rgoulter51@amazon.co.jp,Polygender,2018-11-13 20:25:06
183,Yetty,ytreher52@miibeian.gov.cn,Male,1994-03-01 21:08:08
184,Max,mbarbisch53@so-net.ne.jp,Genderfluid,2003-06-23 10:22:03
185,Danice,dblabber54@disqus.com,Agender,2021-03-26 13:30:28
186,Daisy,dmacrory55@ow.ly,Non-binary,2004-01-06 00:49:32
187,Tarrah,tclowton56@a8.net,Bigender,2005-07-24 12:23:48
188,Susanetta,shotchkin57@opensource.org,Bigender,2006-10-01 11:41:57
189,Rosabella,rgreenan58@sitemeter.com,Genderqueer,1999-08-01 02:24:03
190,Deane,dpouton59@amazon.co.uk,Male,2014-12-02 05:06:31
191,Belicia,bwhittuck5a@nationalgeographic.com,Genderqueer,1991-01-20 20:34:26
192,Claudio,ctuttiett5b@whitehouse.gov,Non-binary,1995-09-27 20:20:42
193,Daniella,dkettlestring5c@theatlantic.com,Genderfluid,2005-05-27 17:21:27
194,Etheline,esimonetto5d@sourceforge.net,Genderqueer,1993-12-19 16:05:05
195,Yvon,yoronan5e@constantcontact.com,Polygender,2018-08-18 12:38:17
196,Clerc,charbard5f@dropbox.com,Polygender,1998-05-08 17:03:35
197,Graeme,ghaversum5g@indiatimes.com,Female,1991-05-04 20:22:28
198,Forest,flillow5h@state.gov,Agender,2018-01-07 23:59:31
199,Birdie,btreece5i@state.tx.us,Non-binary,1990-09-16 17:42:25
200,Adelheid,aelsip5j@sphinn.com,Agender,2020-03-24 05:01:37
201,Kenn,kblatchford5k@people.com.cn,Bigender,2006-04-24 06:54:05
202,Eleonore,eboule5l@eventbrite.com,Genderqueer,1991-09-11 00:48:32
203,Colene,cdevaux5m@ezinearticles.com,Polygender,2006-11-10 01:08:28
204,Aluin,akayes5n@columbia.edu,Male,2010-01-31 21:14:32
205,Gerti,gellin5o@g.co,Polygender,2001-11-26 17:03:12
206,Carolynn,cjeandillou5p@free.fr,Bigender,2021-07-01 19:53:53
207,Ram,rmcmanus5q@craigslist.org,Female,2003-05-23 11:48:43
208,Lucias,lgingle5r@psu.edu,Polygender,2004-10-16 20:04:39
209,Veronike,vtwist5s@odnoklassniki.ru,Female,2011-06-21 22:55:08
210,Douglass,dpucknell5t@photobucket.com,Female,2016-01-02 20:28:48
211,Harmonia,hsketch5u@taobao.com,Non-binary,2009-08-29 13:25:06
212,Elvina,ecromarty5v@discovery.com,Female,1999-08-18 08:06:03
213,Sylvia,sjeandel5w@trellian.com,Female,2021-03-24 20:17:56
214,Raviv,rarnhold5x@telegraph.co.uk,Polygender,1999-02-05 10:19:07
215,Sunny,sblayney5y@usa.gov,Male,2017-02-10 00:42:47
216,Nannette,ngayter5z@usatoday.com,Non-binary,2021-04-11 14:43:08
217,Blinnie,blivard60@ezinearticles.com,Genderfluid,1998-06-06 10:54:59
218,Demetris,dlongworthy61@jiathis.com,Non-binary,2007-09-13 08:36:24
219,Konrad,kinchcomb62@wunderground.com,Genderqueer,2016-02-29 02:34:08
220,Lyman,lhuet63@networkadvertising.org,Male,2010-11-11 01:50:34
221,Averell,ahebdon64@seesaa.net,Bigender,2006-04-27 05:16:59
222,Christy,cmarklin65@java.com,Female,2012-03-08 11:18:50
223,Carlo,cgeddes66@google.com.hk,Polygender,2011-11-17 11:53:34
224,Husain,hcrotch67@dailymotion.com,Agender,2018-11-27 00:31:08
225,Frannie,fbuttner68@columbia.edu,Male,2004-02-15 03:14:01
226,Wynnie,wbenaharon69@hubpages.com,Female,1992-07-16 18:03:44
227,Dynah,dchittem6a@linkedin.com,Genderqueer,2006-12-31 05:40:17
228,Claiborne,cdiamant6b@e-recht24.de,Bigender,2011-05-23 21:02:10
229,Quint,qglanester6c@g.co,Non-binary,2017-11-13 22:42:13
230,Ermentrude,elakes6d@washingtonpost.com,Genderfluid,2004-07-04 01:23:01
231,Emili,earchdeckne6e@desdev.cn,Female,2018-12-07 00:33:41
232,Johnathon,jdahlborg6f@ezinearticles.com,Female,2019-08-15 11:03:48
233,Skyler,sframmingham6g@woothemes.com,Female,1994-12-27 08:38:11
234,Tatiania,tjimson6h@sitemeter.com,Non-binary,2013-03-07 06:41:59
235,Corrine,cscud6i@slashdot.org,Bigender,1996-10-26 20:47:42
236,Ab,apitrelli6j@amazon.co.uk,Female,2007-01-22 19:24:44
237,Melisande,mtuddall6k@blogspot.com,Female,2014-06-24 22:47:51
238,Linnie,lcochran6l@drupal.org,Male,2008-07-30 05:12:12
239,Hakim,hmarcone6m@photobucket.com,Genderfluid,2000-01-10 08:50:15
240,Ambrose,afigg6n@storify.com,Genderfluid,1990-09-14 07:45:36
241,Vaclav,vdoni6o@canalblog.com,Agender,2019-11-13 07:09:32
242,Palm,pkilgannon6p@mlb.com,Polygender,2018-05-15 05:00:32
243,Davis,dbeaty6q@jugem.jp,Agender,2014-06-25 21:27:26
244,Frasco,fgodwyn6r@ox.ac.uk,Bigender,2006-07-19 09:57:31
245,Ingeberg,ilafranconi6s@storify.com,Non-binary,1995-02-14 12:24:26
246,Shaine,stebbitt6t@blogger.com,Female,2003-02-09 18:28:57
247,Karine,kmockes6u@phoca.cz,Polygender,2006-07-10 16:25:38
248,Barny,bpetruk6v@lulu.com,Genderqueer,2018-03-28 12:01:45
249,Lezlie,lmanston6w@msn.com,Polygender,2019-03-20 13:01:08
250,Martyn,malibone6x@posterous.com,Genderfluid,2008-04-29 19:43:50
251,Gualterio,gpolon6y@zimbio.com,Polygender,2004-11-08 00:37:31
252,Marys,mtabbernor6z@goodreads.com,Genderfluid,2015-08-16 08:35:11
253,Ricky,rdooney70@seattletimes.com,Female,1996-11-30 07:38:57
254,Dagmar,drestill71@ihg.com,Male,2017-04-19 02:21:26
255,Rosalia,rmartinec72@nymag.com,Female,2018-11-30 11:02:29
256,Tom,tlevane73@yahoo.co.jp,Female,1998-07-11 05:46:42
257,Emmye,egarcia74@about.me,Male,2000-06-20 10:04:00
258,Tedra,tfoyle75@storify.com,Bigender,2019-01-30 16:05:04
259,Cate,czottoli76@addthis.com,Agender,2001-12-24 08:26:35
260,Orrin,oturbat77@quantcast.com,Polygender,2007-07-19 10:30:57
261,Malissa,mkynaston78@apple.com,Non-binary,2018-11-29 09:45:19
262,Gerardo,gloton79@bigcartel.com,Female,2002-11-20 14:59:34
263,Gwenore,gbarreau7a@sciencedirect.com,Genderfluid,2007-03-28 03:36:12
264,Eugenia,eparlor7b@hp.com,Male,2007-09-10 13:13:20
265,Faunie,ftookey7c@noaa.gov,Female,2013-03-13 02:43:45
266,Julio,jlawly7d@bloomberg.com,Polygender,2007-09-12 13:46:52
267,Donal,dsenogles7e@cargocollective.com,Male,2018-09-02 20:01:18
268,Doralia,dgiorgini7f@army.mil,Genderqueer,1998-05-14 04:15:53
269,Erastus,esprott7g@jigsy.com,Non-binary,2017-01-25 04:40:24
270,Yardley,yheinzler7h@topsy.com,Male,2002-07-08 04:40:00
271,Cris,cbrimilcombe7i@wikipedia.org,Female,1993-09-03 10:15:30
272,Natasha,nsignori7j@etsy.com,Genderfluid,2001-07-01 04:16:10
273,Flora,frodrig7k@ft.com,Bigender,2021-01-08 00:10:00
274,Jenna,jtenpenny7l@va.gov,Male,2003-12-13 02:16:12
275,Puff,pelphee7m@mlb.com,Genderfluid,2004-04-18 02:50:28
276,Timotheus,tlusk7n@nydailynews.com,Agender,2004-09-09 04:39:39
277,Fowler,fgaltone7o@over-blog.com,Polygender,2007-05-25 08:26:36
278,Edan,eiskov7p@nifty.com,Genderfluid,2002-03-05 02:48:00
279,Lin,lfelce7q@meetup.com,Agender,1999-05-23 04:54:16
280,Orsa,owyeld7r@reverbnation.com,Agender,1995-11-14 19:52:29
281,Justus,jnelson7s@digg.com,Female,2019-03-02 01:29:05
282,Yule,yblanning7t@theatlantic.com,Polygender,1994-02-04 03:46:40
283,Lorrayne,ldumingos7u@un.org,Non-binary,2020-11-27 12:20:02
284,Torry,theavyside7v@alibaba.com,Polygender,2007-06-12 19:59:15
285,Jessalin,jpavlasek7w@furl.net,Male,2017-04-06 17:13:04
286,Mauricio,massard7x@bloglines.com,Agender,1993-07-03 13:14:36
287,Eden,escollard7y@walmart.com,Bigender,2004-02-04 10:31:54
288,Clarke,cstede7z@dagondesign.com,Bigender,2013-02-14 14:56:50
289,Avivah,agotliffe80@joomla.org,Polygender,1994-03-12 21:19:46
290,Boothe,bprodrick81@patch.com,Agender,1998-02-11 21:05:55
291,Iris,iewell82@ning.com,Non-binary,2016-04-23 21:51:36
292,Myrle,mauton83@odnoklassniki.ru,Genderfluid,2018-12-09 15:09:17
293,Leontine,lreadie84@odnoklassniki.ru,Genderfluid,1993-03-29 00:21:10
294,Tulley,ttailby85@microsoft.com,Non-binary,2014-12-29 01:49:44
295,Winnah,wdeave86@apache.org,Bigender,1990-12-13 14:35:48
296,Roze,rmoyles87@tinypic.com,Genderfluid,2015-10-19 04:28:55
297,Goldarina,graveau88@vinaora.com,Genderfluid,2009-08-04 08:02:15
298,Allie,acholmondeley89@nyu.edu,Male,2000-10-25 07:28:38
299,Hedy,hlintin8a@whitehouse.gov,Female,1998-02-11 01:12:36
300,Jordon,jbonsul8b@slashdot.org,Agender,2003-03-20 02:45:49
301,Celine,csproson8c@quantcast.com,Non-binary,1995-07-13 17:25:12
302,Amelina,alaurenzi8d@cnet.com,Agender,2006-08-16 16:07:48
303,Elissa,eglavin8e@ustream.tv,Male,2017-12-05 22:33:57
304,Nadia,nbuckthought8f@earthlink.net,Non-binary,2015-05-02 16:15:46
305,Archambault,aforman8g@ocn.ne.jp,Non-binary,2003-05-02 05:16:19
306,Debor,dyarwood8h@facebook.com,Agender,1992-12-23 22:06:20
307,Essy,efirmage8i@merriam-webster.com,Polygender,2014-04-06 23:45:31
308,Maudie,mcotte8j@godaddy.com,Female,2016-10-23 12:04:39
309,Ly,lbaigrie8k@yahoo.com,Male,2010-11-07 01:22:02
310,Stepha,sstroder8l@soup.io,Female,2000-08-26 21:11:49
311,Andreas,acalan8m@yale.edu,Male,1995-02-02 07:40:44
312,Tildie,tpiff8n@last.fm,Female,2004-11-15 02:37:24
313,Robbyn,rmccormack8o@harvard.edu,Female,2015-05-08 02:00:02
314,Clemence,cdeetlefs8p@netlog.com,Female,2016-05-27 21:33:40
315,Bradney,bgoodie8q@scientificamerican.com,Female,1999-10-10 09:37:13
316,Goraud,gelia8r@reuters.com,Agender,2001-12-26 16:31:37
317,Rozina,rcowlas8s@phpbb.com,Female,2021-05-04 01:25:38
318,Linn,lconnors8t@stanford.edu,Bigender,1993-05-29 05:14:04
319,Chas,cdodshon8u@lulu.com,Non-binary,2020-10-02 20:26:40
320,Pren,pharborow8v@admin.ch,Bigender,2003-07-09 07:33:40
321,Merle,mcrebbin8w@spiegel.de,Genderqueer,2015-09-29 15:29:52
322,Barthel,bleggatt8x@tamu.edu,Female,2017-04-11 03:37:25
323,Leroy,lstearn8y@telegraph.co.uk,Female,2004-11-06 14:04:09
324,Brig,bcanedo8z@cafepress.com,Genderqueer,1990-09-03 16:56:08
325,Dick,dcardwell90@delicious.com,Genderqueer,2014-10-15 08:00:42
326,Hugh,hyoseloff91@cyberchimps.com,Genderqueer,1997-05-03 09:35:24
327,Vale,vleyfield92@epa.gov,Non-binary,2004-01-30 14:00:59
328,Dorian,dhamblin93@tumblr.com,Male,2018-12-31 13:52:31
329,Ilise,iseymark94@symantec.com,Male,2015-01-19 11:01:18
330,Pembroke,pmccleary95@phpbb.com,Female,2002-05-23 11:56:27
331,Shaine,satwill96@ovh.net,Polygender,1991-09-26 06:34:50
332,Bernard,bkelbie97@adobe.com,Bigender,2016-04-10 07:48:43
333,Ashleigh,ajoncic98@w3.org,Genderfluid,1993-02-27 11:00:35
334,Rianon,rcashley99@linkedin.com,Genderqueer,1999-11-09 01:13:05
335,Carmita,cmattioni9a@google.co.jp,Male,2008-09-18 12:28:40
336,Winn,wwoodroffe9b@sciencedirect.com,Non-binary,1990-09-17 04:29:06
337,Karoly,kbennet9c@wikia.com,Genderfluid,1994-02-04 08:50:14
338,Kale,kfrayn9d@eepurl.com,Polygender,1993-04-12 00:35:56
339,Tally,tdodd9e@umich.edu,Male,2006-05-16 07:12:36
340,Marwin,mstillgoe9f@dedecms.com,Male,2017-07-14 18:34:46
341,Noelle,nbetterton9g@cbsnews.com,Genderqueer,2007-07-19 03:11:58
342,Dore,dbrogan9h@topsy.com,Female,2019-06-20 03:57:32
343,May,mgaywood9i@shutterfly.com,Male,2000-11-12 17:29:55
344,Jobie,jtatersale9j@virginia.edu,Agender,1993-08-10 02:46:39
345,Alistair,amalpass9k@studiopress.com,Genderfluid,1993-07-12 07:48:31
346,Willey,waronovich9l@dmoz.org,Non-binary,2011-09-02 01:03:36
347,Honor,hmackowle9m@nytimes.com,Non-binary,2018-12-22 15:27:16
348,Moishe,mdeverock9n@fda.gov,Genderfluid,2008-09-05 23:27:10
349,Melvyn,mbold9o@abc.net.au,Male,2007-08-04 12:26:26
350,Trudi,tanear9p@weebly.com,Genderqueer,2017-01-02 06:32:19
351,Marcia,mlavies9q@telegraph.co.uk,Agender,1996-03-02 09:32:36
352,Winfield,wsybe9r@eepurl.com,Genderqueer,1992-11-16 00:04:23
353,Griffie,gportingale9s@engadget.com,Bigender,2011-10-11 00:38:40
354,Shellysheldon,sderrell9t@dyndns.org,Bigender,2017-11-25 18:05:39
355,Daron,drumsey9u@privacy.gov.au,Polygender,2018-01-22 19:53:40
356,Lavinia,lmoncey9v@wsj.com,Agender,2012-06-20 03:16:12
357,Alvis,anarup9w@pbs.org,Non-binary,2017-03-08 23:13:02
358,Ediva,emorgans9x@github.com,Polygender,1995-05-23 23:09:12
359,Emmaline,eucchino9y@exblog.jp,Female,2007-09-27 20:44:51
360,Kenna,kfaiers9z@i2i.jp,Genderfluid,2010-08-12 06:16:18
361,Kara-lynn,kumfreya0@scientificamerican.com,Bigender,2013-09-13 15:06:44
362,Rollie,rsaura1@google.pl,Bigender,1997-06-07 16:49:53
363,Thedrick,tbadbya2@weather.com,Non-binary,2015-03-13 09:25:11
364,Staffard,skuhlea3@mozilla.com,Agender,2008-07-28 11:15:33
365,Haze,havramovicha4@ox.ac.uk,Genderfluid,2010-09-03 20:55:15
366,Brannon,bhamsona5@techcrunch.com,Non-binary,1993-07-08 20:44:47
367,Coop,cscolaa6@baidu.com,Female,2001-05-04 12:04:07
368,Whit,wateridgea7@bravesites.com,Polygender,2019-12-16 06:46:08
369,Alic,amatfina8@cbc.ca,Agender,2011-04-06 07:56:59
370,Adrienne,akubaleka9@senate.gov,Bigender,1993-09-09 22:59:29
371,Joellyn,jdabneraa@ow.ly,Bigender,1999-08-24 16:31:31
372,Dreddy,dmatveikoab@fda.gov,Polygender,2002-03-08 00:50:36
373,Corette,celleswortheac@unesco.org,Polygender,2017-03-06 11:19:11
374,Bobbie,bethelstonad@dailymail.co.uk,Female,2011-12-01 01:38:27
375,Christophorus,cedmandae@123-reg.co.uk,Genderfluid,1994-07-18 02:07:00
376,Jereme,jpennyaf@jalbum.net,Male,2007-04-11 08:48:39
377,Emily,edenneyag@google.com,Non-binary,2021-02-26 22:44:43
378,Will,wgeytonah@squarespace.com,Genderqueer,2006-01-02 13:03:09
379,Salmon,stofflerai@seattletimes.com,Female,2000-02-19 16:47:49
380,Valene,vjoddinsaj@ehow.com,Male,2009-03-27 12:16:32
381,Neila,nmacnucatorak@blinklist.com,Polygender,2013-06-01 01:44:09
382,Barrett,bhalfhydeal@prnewswire.com,Female,2013-08-02 23:51:37
383,Alistair,ajenkingam@mozilla.org,Agender,2017-03-19 09:22:59
384,Arnaldo,aaingelan@stumbleupon.com,Non-binary,2006-12-14 02:48:25
385,Steven,scobleighao@yellowbook.com,Genderqueer,1996-10-24 05:17:51
386,Orville,omoraap@privacy.gov.au,Agender,2017-12-18 06:18:42
387,Sheppard,skinnardaq@about.com,Bigender,2011-05-09 23:20:54
388,Cathe,crandallar@facebook.com,Bigender,2009-06-23 03:23:27
389,Levey,lbernardinias@yale.edu,Genderfluid,2012-09-21 13:54:38
390,Lita,ldivillat@github.com,Bigender,2006-11-12 05:27:10
391,Bartholomeus,bkolushevau@weather.com,Genderfluid,1990-09-05 11:45:48
392,Cristiano,ccollingtonav@fotki.com,Genderqueer,2003-01-24 22:29:33
393,Mallorie,mbendelaw@paypal.com,Polygender,1999-12-02 04:24:30
394,Domini,dderryax@cbsnews.com,Female,2012-04-23 08:19:01
395,Marylou,mmichieliay@usa.gov,Female,1992-11-14 01:46:39
396,Creighton,cgillinghamsaz@dot.gov,Female,1997-07-11 18:46:57
397,Bordy,bboodellb0@home.pl,Genderqueer,2003-03-13 08:17:44
398,Luciano,lhowlandb1@census.gov,Non-binary,2005-06-03 18:04:45
399,Brose,bclarricoatesb2@imdb.com,Female,2016-10-06 00:37:17
400,Emmi,eroofb3@dion.ne.jp,Bigender,2019-01-02 12:23:19
401,Valentina,vjerkeb4@tripod.com,Bigender,2020-12-20 07:51:56
402,Margalit,mshoosmithb5@youku.com,Genderfluid,2008-09-05 15:12:53
403,Barbara,bstaresmeareb6@oaic.gov.au,Female,2001-01-23 09:16:59
404,Lorin,lhowsegob7@drupal.org,Bigender,2018-08-22 16:37:13
405,Suzie,sofihillieb8@51.la,Genderfluid,1996-03-23 12:38:56
406,Britni,bissittb9@ow.ly,Bigender,2007-10-04 07:02:37
407,Flori,fredishba@wordpress.com,Genderqueer,1997-02-24 01:14:01
408,Fidelio,fbilfootbb@infoseek.co.jp,Female,1994-12-16 08:21:32
409,Sascha,sosirinbc@odnoklassniki.ru,Genderfluid,2014-02-25 21:22:23
410,Yuri,yfeltonbd@google.it,Genderfluid,1998-08-11 04:43:45
411,Wang,wskillbe@ucsd.edu,Male,2003-01-04 22:23:03
412,Bernie,bfantonettibf@cafepress.com,Female,1995-05-21 18:41:50
413,Johnathon,jspencockbg@reddit.com,Non-binary,1990-12-21 10:38:18
414,Denney,dlentebh@cnet.com,Female,2010-11-16 19:51:58
415,Cordie,clidgettbi@princeton.edu,Agender,1997-09-29 02:39:44
416,Noell,nwassonbj@buzzfeed.com,Non-binary,2000-11-10 00:05:16
417,Gonzalo,gstuttardbk@hibu.com,Genderqueer,2010-10-25 12:54:13
418,Lorilee,lalvisbl@dropbox.com,Genderfluid,2019-05-15 04:41:54
419,Terrance,tniscobm@devhub.com,Non-binary,2007-01-16 16:34:09
420,Mollie,msallierebn@deliciousdays.com,Polygender,2008-10-18 07:39:00
421,Mellisent,mstitsonbo@theatlantic.com,Genderfluid,1997-03-04 03:14:21
422,Gladys,gmcbreartybp@spiegel.de,Agender,2006-12-27 06:18:24
423,Tedra,thallahanbq@yandex.ru,Bigender,2016-03-27 17:10:11
424,Jamaal,jcottrillbr@fotki.com,Genderqueer,2015-10-18 15:26:50
425,Alisander,acollybs@tmall.com,Polygender,1992-03-07 08:43:20
426,Suzie,sleatherbt@people.com.cn,Female,1996-02-24 06:04:46
427,Florance,fatackbu@geocities.com,Non-binary,2013-07-16 17:24:46
428,Allister,apoundsfordbv@webnode.com,Female,1991-03-30 00:47:09
429,Elfie,ebricknallbw@acquirethisname.com,Bigender,1999-11-27 03:10:31
430,Imelda,iloomesbx@bluehost.com,Agender,2001-05-07 13:30:57
431,Neile,ngaywoodby@webs.com,Agender,2001-11-25 12:31:39
432,Pattin,pbocockbz@sohu.com,Agender,1995-08-01 03:43:22
433,Goran,gklugc0@deliciousdays.com,Non-binary,2013-07-04 13:31:07
434,Birgit,bjollc1@51.la,Female,2012-03-18 06:11:18
435,Zollie,zmcfaddenc2@surveymonkey.com,Agender,2008-10-05 18:57:14
436,Vanna,vcadaganc3@ibm.com,Genderqueer,2002-05-16 04:45:48
437,Joachim,jcrimc4@scribd.com,Non-binary,2021-06-16 23:33:28
438,Orly,ostricklandc5@comsenz.com,Non-binary,1997-05-26 14:47:38
439,Jessalyn,jmelonbyc6@barnesandnoble.com,Genderfluid,1993-02-23 06:49:53
440,Stephanus,slonginac7@yahoo.co.jp,Non-binary,2020-12-26 03:47:36
441,Henrietta,hmurtimerc8@wikia.com,Female,2016-10-21 04:56:59
442,Freemon,fspoorsc9@pagesperso-orange.fr,Agender,2020-09-12 07:24:37
443,Arvin,aganfordca@cdc.gov,Non-binary,2002-09-13 12:48:04
444,Ernestine,egierckcb@tinypic.com,Bigender,1999-04-12 13:19:15
445,Elfrida,ekassmancc@oakley.com,Genderqueer,1994-06-21 02:51:49
446,Alphard,agraebercd@vkontakte.ru,Polygender,2007-08-30 10:00:47
447,Tiebold,tdanielouce@csmonitor.com,Genderqueer,1993-10-29 12:58:36
448,Holly-anne,hrattenburycf@about.me,Female,2020-10-24 21:56:16
449,Clemence,cfortcg@php.net,Genderqueer,2002-06-21 16:44:54
450,Brennen,bargravech@hugedomains.com,Agender,1994-10-22 15:53:21
451,Jobye,jcaminci@goodreads.com,Polygender,2013-10-10 18:11:12
452,Osbert,ozealycj@wordpress.org,Bigender,1995-06-09 20:58:51
453,Merrily,mharrymanck@wordpress.org,Polygender,2008-05-22 18:31:02
454,Fabe,fbroecl@ca.gov,Agender,2017-03-01 04:13:50
455,Bobby,bwhittercm@mac.com,Agender,1997-05-24 09:19:01
456,Demetris,ddeathcn@miitbeian.gov.cn,Bigender,1992-03-04 21:33:44
457,Brigid,bbellonco@statcounter.com,Genderqueer,2007-09-01 10:12:31
458,Shem,skundtcp@biglobe.ne.jp,Agender,2017-04-11 09:46:09
459,Rudolph,rblaisecq@sohu.com,Bigender,2008-08-11 00:57:26
460,Adah,alathwellcr@joomla.org,Genderqueer,1999-05-11 23:24:30
461,Randall,rbreakeycs@vimeo.com,Agender,2020-01-13 12:57:17
462,Briana,bbrilonct@blogs.com,Female,1998-01-08 23:24:08
463,Karlis,kcorneilcu@mail.ru,Male,2005-02-19 11:23:15
464,Eleanora,edalglieshcv@infoseek.co.jp,Non-binary,1998-05-08 16:41:27
465,Olivie,onurcombecw@ftc.gov,Polygender,2021-04-13 06:59:33
466,Slade,sambersoncx@loc.gov,Female,1991-05-29 12:59:40
467,Maggi,mshoardcy@apache.org,Non-binary,2012-03-11 11:39:33
468,Evy,eollcottcz@zdnet.com,Genderfluid,2007-05-20 00:48:53
469,Amelita,aschwandd0@google.com.br,Non-binary,2007-11-19 18:18:27
470,Vivia,vhammondsd1@pinterest.com,Genderfluid,2016-08-15 00:20:56
471,Dewain,dwindybankd2@fotki.com,Non-binary,1992-01-11 22:24:00
472,Luci,ljergd3@yelp.com,Bigender,1996-01-21 10:45:21
473,Tyne,tdrippd4@prweb.com,Non-binary,1999-08-23 08:15:39
474,Forster,fronchettid5@guardian.co.uk,Bigender,2004-11-19 11:16:10
475,Vernon,vpythond6@nasa.gov,Polygender,2011-10-08 01:04:51
476,Dick,ddomokosd7@google.com.br,Female,2006-09-29 09:12:58
477,Haley,hloveittd8@weebly.com,Female,2015-05-14 20:44:08
478,Hymie,hseagerd9@cdbaby.com,Agender,2016-08-18 10:54:53
479,Steffie,sbyrdda@sohu.com,Genderqueer,2015-12-14 22:41:47
480,Reid,rraddendb@shareasale.com,Male,2012-03-06 20:07:16
481,Rheba,ratwaterdc@opensource.org,Female,2018-03-04 09:30:56
482,Issiah,ifolddd@over-blog.com,Bigender,1996-02-15 03:39:48
483,Georges,gsimchenkode@barnesandnoble.com,Male,2011-06-24 00:52:27
484,Winnifred,wmillichipdf@deliciousdays.com,Polygender,2000-08-20 23:59:50
485,Holli,hpolliedg@wufoo.com,Agender,2006-09-20 03:06:04
486,Farrell,ferskinesandysdh@blogs.com,Genderfluid,2000-09-09 13:27:26
487,Damon,dsuddardsdi@techcrunch.com,Male,2017-06-07 23:46:03
488,Faber,fclausdj@tmall.com,Male,2014-06-17 16:10:48
489,Ali,ajakesdk@google.es,Agender,2020-08-15 11:46:04
490,Dyna,dcrumpdl@nymag.com,Agender,2011-11-08 03:30:07
491,Cate,ctellenbrokdm@csmonitor.com,Agender,1997-03-04 01:48:13
492,Taylor,tgillinghamsdn@google.co.jp,Male,2019-06-24 10:41:30
493,Elisha,eiveldo@google.ca,Bigender,2002-07-20 14:02:08
494,Rosana,rjosowitzdp@eventbrite.com,Polygender,2002-03-22 06:41:58
495,Dulcinea,dstuckeydq@t-online.de,Bigender,2005-01-23 02:26:21
496,Hermann,hskeetedr@t.co,Bigender,2003-12-12 23:52:41
497,Glennis,gtomaszczykds@seesaa.net,Polygender,2008-02-26 02:15:14
498,Germaine,gdibdaledt@com.com,Genderfluid,2014-06-13 19:42:41
499,Lebbie,lricardsdu@cafepress.com,Male,1995-07-27 13:02:42
500,Yolanthe,yragatdv@rakuten.co.jp,Female,1995-09-19 04:36:50
501,Patin,ptimminsdw@prnewswire.com,Bigender,2003-01-08 17:49:40
502,Cammy,chulldx@de.vu,Bigender,2019-04-28 08:49:09
503,Ingunna,igamwelldy@buzzfeed.com,Bigender,2000-02-07 08:37:31
504,Mauricio,mdaspardz@barnesandnoble.com,Bigender,1999-08-08 00:00:33
505,Dedra,dnutbeeme0@plala.or.jp,Genderfluid,2020-08-15 22:35:38
506,Theo,tdominighie1@studiopress.com,Genderfluid,2010-03-14 03:22:47
507,Rod,rbezantse2@bloglines.com,Agender,2011-11-17 18:47:06
508,Alicea,akainee3@ifeng.com,Female,1993-03-28 13:50:46
509,Henrik,hcockette4@paypal.com,Agender,2005-03-13 18:12:34
510,Buddy,bvandalee5@tiny.cc,Bigender,2006-09-01 12:25:30
511,Dacia,dbouldene6@live.com,Female,1991-01-12 14:54:50
512,Erastus,efarrane7@wp.com,Male,1991-03-11 06:55:28
513,Nell,ngollope8@facebook.com,Genderqueer,1992-02-09 18:44:42
514,Fredelia,fhenrice9@nhs.uk,Bigender,2018-02-20 11:45:56
515,Dennis,dlabdonea@wp.com,Genderqueer,2018-11-17 07:43:35
516,Irwinn,ijosefowiczeb@apache.org,Genderqueer,2011-02-05 18:11:24
517,Giles,gwilfingec@simplemachines.org,Non-binary,2020-05-10 09:36:37
518,Iseabal,iclarycotted@instagram.com,Polygender,1997-01-10 16:08:21
519,Bibbye,bdarbonee@redcross.org,Agender,1998-06-18 01:11:25
520,Heywood,hcaccavarief@pen.io,Genderfluid,1991-06-12 11:09:49
521,Gloriana,gleroyeg@trellian.com,Non-binary,2018-11-12 00:31:28
522,Felita,fcoggineh@youtube.com,Agender,2015-12-03 18:39:00
523,Danell,dharrowsmithei@businessweek.com,Genderfluid,2003-12-02 02:03:29
524,Sandra,scampanyej@wikipedia.org,Genderqueer,1998-11-19 00:41:12
525,Dixie,doakwellek@netvibes.com,Female,2015-03-28 17:54:41
526,Nahum,ncolicotel@psu.edu,Non-binary,2000-08-12 12:01:00
527,Lorraine,lsharplessem@technorati.com,Non-binary,2010-05-12 03:46:39
528,Ilyssa,iludlomen@omniture.com,Genderqueer,2008-12-13 12:22:34
529,Kippy,kmethingameo@columbia.edu,Female,2015-09-10 16:43:05
530,Kaylee,kdutteridgeep@sakura.ne.jp,Female,2014-05-16 22:45:48
531,Jeremie,jeggintoneq@discuz.net,Bigender,2009-09-12 16:54:30
532,Raynor,rjansiker@usgs.gov,Non-binary,2005-11-29 00:03:39
533,Cosme,cgrabehames@home.pl,Genderfluid,2005-09-05 17:21:49
534,Sim,sgarfordet@miitbeian.gov.cn,Bigender,2007-11-13 15:42:31
535,Karlyn,kbellenyeu@economist.com,Non-binary,2017-08-08 12:39:08
536,Carina,calvaradoev@sun.com,Male,1997-03-14 15:10:59
537,Gustavus,gfearonew@hubpages.com,Genderfluid,2006-08-20 19:55:07
538,Roobbie,rclowleyex@altervista.org,Bigender,2005-04-03 02:00:15
539,Erminie,echateley@privacy.gov.au,Genderfluid,2010-07-28 00:33:17
540,Linn,lbabstez@wikispaces.com,Polygender,2001-05-27 02:45:25
541,Gareth,gyearnesf0@va.gov,Genderfluid,2006-09-22 09:55:04
542,Myer,mcuellf1@bigcartel.com,Polygender,2001-01-20 19:17:42
543,Dennie,dwitnallf2@wordpress.org,Genderfluid,1997-06-13 19:19:14
544,Danielle,dmainsonf3@weebly.com,Polygender,1997-06-08 05:16:04
545,Daisi,dspringfordf4@hexun.com,Non-binary,2010-07-04 01:05:30
546,Allayne,abullickf5@yelp.com,Genderqueer,1999-08-24 11:24:38
547,Urbano,ubarszczewskif6@nature.com,Polygender,1992-03-21 10:05:16
548,Whitman,whammorf7@woothemes.com,Agender,2002-11-03 05:11:39
549,Eddy,ecristofanof8@infoseek.co.jp,Genderqueer,2014-02-03 15:01:26
550,Stacy,sgreiserf9@nature.com,Polygender,1998-03-12 16:07:28
551,Nikaniki,nemertonfa@dot.gov,Non-binary,1996-02-12 22:42:23
552,Zea,zcussfb@reverbnation.com,Non-binary,2003-02-14 13:00:05
553,Nanete,nfulstowfc@slashdot.org,Polygender,2015-11-13 01:27:22
554,Chick,ccartmellfd@earthlink.net,Genderfluid,1995-11-21 23:46:42
555,Junie,jchadburnfe@over-blog.com,Genderfluid,2012-05-20 16:22:10
556,Harriette,hcasaccioff@de.vu,Bigender,2002-11-06 21:14:38
557,Mickie,mokerinfg@pinterest.com,Genderfluid,1998-04-03 20:22:16
558,Marvin,mtocherfh@bing.com,Polygender,2014-06-25 23:07:22
559,Henrik,hgolbyfi@springer.com,Polygender,2005-12-13 06:52:00
560,Jeramie,jbalasinifj@yandex.ru,Bigender,2008-09-23 02:14:49
561,Irena,irylettfk@google.it,Bigender,1996-06-17 22:06:43
562,Monika,mchastelainfl@independent.co.uk,Genderqueer,2013-02-16 17:46:01
563,Alethea,abeachemfm@fastcompany.com,Genderfluid,2010-12-25 10:36:54
564,Sawyere,slabbatifn@over-blog.com,Genderqueer,2006-07-05 03:41:26
565,Myles,mbemandfo@delicious.com,Polygender,2013-01-28 10:11:50
566,Emmanuel,eharrisfp@shutterfly.com,Bigender,2007-12-07 03:50:59
567,Thelma,tsobtkafq@purevolume.com,Agender,2009-04-06 10:57:46
568,Charyl,cmcquorkellfr@seesaa.net,Polygender,2004-10-06 17:41:04
569,Timothee,tsnoddyfs@europa.eu,Female,2000-12-29 01:51:56
570,Francois,fromanellift@desdev.cn,Genderqueer,2019-12-04 13:10:32
571,Caralie,cdoalefu@baidu.com,Agender,1995-11-16 11:18:35
572,Mathew,mrignoldesfv@samsung.com,Agender,2006-08-07 03:07:20
573,Gavra,grogersfw@phpbb.com,Genderfluid,2008-07-04 22:30:49
574,Abbey,akenforthfx@washingtonpost.com,Agender,1993-07-08 23:08:00
575,Reinhold,rgrivorify@barnesandnoble.com,Genderfluid,2008-03-15 17:00:33
576,Rahel,rclougherfz@spotify.com,Bigender,1994-09-18 03:14:22
577,Husein,hmaching0@elegantthemes.com,Agender,2006-12-16 05:29:00
578,Auguste,aevendeng1@hao123.com,Agender,1996-05-18 12:54:29
579,Thom,tbarhemg2@ehow.com,Agender,2008-06-07 13:10:25
580,Nial,nwyldboreg3@japanpost.jp,Agender,2020-09-02 13:21:55
581,Claretta,ckleehuhlerg4@moonfruit.com,Bigender,2013-04-23 02:23:51
582,Owen,ogedneyg5@geocities.jp,Genderqueer,1996-01-12 20:27:34
583,Dniren,dboxeg6@prweb.com,Bigender,2016-09-21 03:12:40
584,Jeanne,jhulburdg7@flavors.me,Male,1995-01-12 20:51:05
585,Thea,tdeinertg8@japanpost.jp,Genderqueer,1995-06-26 05:06:12
586,Patricia,pjerochg9@yellowpages.com,Female,2001-07-31 14:45:11
587,Harald,hchomleyga@livejournal.com,Agender,1994-02-21 14:22:53
588,Kathrine,knelesgb@arizona.edu,Polygender,2001-08-26 12:25:16
589,Steward,sshirtcliffegc@163.com,Genderqueer,2000-01-31 02:21:53
590,Amil,alaugiergd@foxnews.com,Non-binary,1996-09-02 07:08:21
591,Manon,msalamonge@blogger.com,Male,1997-07-19 20:20:21
592,Valentine,vdumphriesgf@mtv.com,Agender,2009-09-06 02:14:09
593,Paule,pgresswoodgg@foxnews.com,Non-binary,2005-12-22 19:09:20
594,Lefty,lklimentovgh@google.com,Bigender,1998-07-30 19:32:48
595,Nicholas,nbleacklygi@accuweather.com,Female,1999-05-12 16:45:05
596,Biddie,banscombegj@cnn.com,Polygender,1991-12-11 04:52:57
597,Arden,agiacobonigk@4shared.com,Male,1994-03-30 15:47:09
598,Aldous,aambresingl@comsenz.com,Non-binary,1997-04-07 12:51:54
599,Elliot,elorenzingm@jalbum.net,Genderqueer,1993-05-14 00:40:34
600,Rice,rkemptongn@admin.ch,Genderqueer,2016-06-21 16:44:31
601,Timothy,truckledgego@about.me,Male,2015-12-02 14:15:21
602,Charis,carnowitzgp@earthlink.net,Agender,2002-05-13 13:19:42
603,Coral,ccastanedagq@wp.com,Polygender,2006-06-11 21:11:13
604,Pat,psilversmidtgr@hugedomains.com,Polygender,1994-08-26 11:48:05
605,Nicky,norrgs@ihg.com,Agender,2017-03-22 14:59:21
606,Winny,wbolderoegt@arstechnica.com,Agender,2013-10-25 03:25:31
607,Dore,dnoriegagu@wikipedia.org,Bigender,2001-09-28 04:27:19
608,Kaylyn,kcarmichaelgv@technorati.com,Polygender,1995-12-15 06:16:41
609,Conant,cjamsongw@over-blog.com,Female,2015-05-25 20:17:53
610,Consolata,cbraxtongx@nasa.gov,Bigender,2002-06-18 12:02:24
611,Leigh,lgalfourgy@google.pl,Non-binary,2009-02-12 09:42:30
612,Trace,tsjostromgz@drupal.org,Bigender,2016-02-23 05:15:11
613,Yorgos,ystormh0@washingtonpost.com,Female,1992-06-09 11:21:07
614,Bertie,bverrilloh1@theatlantic.com,Non-binary,1995-06-02 00:23:34
615,Lucienne,lhaysmanh2@desdev.cn,Polygender,1995-10-13 19:28:05
616,Salvador,strusseh3@cbc.ca,Female,2004-03-08 22:58:59
617,Norry,nkeableh4@domainmarket.com,Non-binary,1999-02-27 16:13:43
618,Val,vborerh5@usatoday.com,Male,2011-01-02 12:34:03
619,Donnajean,dameerbegh6@rambler.ru,Genderqueer,1994-08-24 23:32:15
620,Karen,kjendrickeh7@boston.com,Polygender,2007-08-18 13:46:27
621,Shauna,sfruinh8@craigslist.org,Female,1993-05-16 21:54:04
622,Ferdinanda,faneleyh9@people.com.cn,Bigender,2009-09-01 19:20:18
623,Conni,cizakha@businessinsider.com,Polygender,1999-07-21 11:29:58
624,Vinny,vbuckiehb@symantec.com,Genderqueer,2007-02-09 14:12:35
625,Dione,dmaundhc@photobucket.com,Polygender,2015-07-09 17:48:05
626,Adina,asymonshd@netlog.com,Male,2015-09-07 06:15:30
627,Denney,deagleshamhe@boston.com,Genderqueer,2002-09-10 23:49:37
628,Skipton,srickeardhf@ted.com,Bigender,2008-11-03 16:28:17
629,Jemie,jwarrenerhg@cnbc.com,Male,1993-05-24 16:36:23
630,Callie,cbrysonhh@apple.com,Polygender,2018-08-30 05:17:58
631,Mair,mfiremanhi@noaa.gov,Non-binary,2010-06-02 08:37:37
632,Ivy,isesonshj@harvard.edu,Agender,2012-08-19 00:37:32
633,Abra,achishullhk@harvard.edu,Genderqueer,2008-10-04 04:24:56
634,Alva,ajoyhl@ehow.com,Non-binary,1993-11-23 11:45:18
635,Baron,bsantinohm@slate.com,Female,1995-01-20 21:47:13
636,Glynis,gfaircliffhn@zdnet.com,Agender,1994-12-16 21:29:03
637,Lorilee,lhonschho@yolasite.com,Non-binary,1992-05-08 13:37:51
638,Shel,sjohansenhp@fema.gov,Male,1997-03-02 06:02:35
639,Doloritas,dhayerhq@com.com,Bigender,2020-07-13 03:02:09
640,Sherri,schildeshr@usatoday.com,Agender,2001-02-23 05:30:07
641,Mikel,mvandersonhs@devhub.com,Female,1994-10-31 23:36:27
642,Gerardo,gblackmanht@geocities.com,Polygender,2010-03-31 08:48:16
643,Benson,balennikovhu@patch.com,Bigender,1997-08-15 23:29:38
644,Abrahan,aheidenhv@dell.com,Genderfluid,1998-07-19 23:11:23
645,Nady,ncorphw@npr.org,Non-binary,1993-09-04 09:47:46
646,Em,eaddinallhx@devhub.com,Polygender,1994-08-17 02:09:31
647,Ferdinand,fpulleyhy@mayoclinic.com,Female,2004-04-13 08:39:42
648,Kalila,khebbornhz@answers.com,Genderqueer,2000-05-07 23:15:38
649,Barbey,bnuddi0@gmpg.org,Non-binary,2013-05-24 22:33:07
650,Rock,rgrundoni1@meetup.com,Genderfluid,1991-11-04 08:24:58
651,Jere,jcarlettoi2@geocities.com,Non-binary,1998-01-26 19:15:01
652,Vasili,vcaruthi3@ucoz.ru,Male,1996-04-17 16:53:55
653,Drusy,dbanaszewskii4@vk.com,Polygender,1992-02-04 16:03:19
654,Margie,mstidsoni5@odnoklassniki.ru,Genderfluid,2009-09-11 09:17:44
655,Jackson,jvannahi6@fda.gov,Bigender,2013-04-20 03:05:35
656,Shirlee,sneaglei7@soundcloud.com,Genderqueer,2019-02-19 00:06:12
657,Ilka,ianthoinei8@telegraph.co.uk,Genderfluid,2003-12-28 22:15:12
658,Flossie,fhandscombei9@weebly.com,Non-binary,2009-01-20 18:46:14
659,Odey,ooconnoria@redcross.org,Non-binary,1996-07-03 00:02:30
660,Martita,mfitzjohnib@imageshack.us,Polygender,2001-07-31 09:11:57
661,Arleen,asyredic@abc.net.au,Agender,1994-09-16 13:21:09
662,Corina,cboswoodid@printfriendly.com,Agender,2008-04-06 18:01:39
663,Bunny,bdowntonie@wsj.com,Agender,2012-11-17 11:43:01
664,Elias,edevilif@redcross.org,Male,2017-01-31 21:52:08
665,Bridgette,bleestutig@biglobe.ne.jp,Female,2020-11-15 19:23:54
666,Whitaker,wnancarrowih@purevolume.com,Female,2009-11-23 12:45:57
667,Guenna,gladdii@g.co,Agender,2016-11-12 08:24:55
668,Cecelia,cschirokij@wp.com,Female,2001-05-14 00:57:50
669,Cammi,cnewlandik@lulu.com,Genderqueer,2006-12-14 14:34:46
670,Tobe,tcrummyil@marriott.com,Genderfluid,1995-11-30 10:50:42
671,Elva,edudlestonim@sogou.com,Non-binary,1991-10-23 09:17:20
672,Allys,asmoughtonin@paginegialle.it,Female,1998-12-27 06:25:51
673,Nert,nbustonio@wordpress.org,Genderqueer,1996-01-07 21:20:11
674,Ashlan,amccookip@wufoo.com,Genderqueer,2019-12-18 10:13:43
675,Guillaume,gjordiniq@blog.com,Agender,2007-07-23 13:23:46
676,Celinka,cmausir@uol.com.br,Agender,1992-08-14 21:37:33
677,Jacki,jdorieis@stanford.edu,Bigender,2016-05-31 15:22:06
678,Emmy,echavrinit@reddit.com,Genderqueer,2021-02-24 08:35:15
679,Elnora,egisbeyiu@dion.ne.jp,Non-binary,1991-07-27 22:42:31
680,Venus,vgynneiv@behance.net,Bigender,2012-04-10 06:19:37
681,Nanci,nmorradiw@gravatar.com,Non-binary,1992-12-21 08:02:36
682,Amberly,ameeusix@google.com.hk,Genderqueer,2017-05-03 09:13:54
683,Abbey,afinciiy@blog.com,Non-binary,2020-10-09 03:58:21
684,Gil,gnuttingiz@cocolog-nifty.com,Polygender,2001-02-27 07:09:46
685,Prinz,pbrankleyj0@wikia.com,Genderqueer,2011-03-23 06:16:16
686,Leora,lofenerj1@cbslocal.com,Genderqueer,2015-10-21 11:55:17
687,Justus,jledsterj2@unc.edu,Non-binary,1997-01-18 20:04:14
688,Krishnah,kmckeurtonj3@ycombinator.com,Bigender,2021-04-06 16:15:07
689,Laverne,lscutchinj4@disqus.com,Polygender,2013-08-15 00:36:27
690,Aurlie,abruckmanj5@washingtonpost.com,Genderfluid,2020-11-25 23:29:01
691,Merissa,mstrattonj6@ezinearticles.com,Male,1991-02-12 18:48:22
692,Bernardina,bskiltonj7@tamu.edu,Polygender,1997-06-17 17:51:20
693,Welsh,wtwinberrowj8@goodreads.com,Agender,2010-01-07 14:02:12
694,Amalle,adikesj9@ocn.ne.jp,Male,1999-11-29 11:46:43
695,Gerrie,gquibellja@cyberchimps.com,Female,2004-11-01 13:42:54
696,Godard,gatleyjb@cbc.ca,Genderqueer,1992-07-18 02:34:38
697,Finley,fpoxtonjc@simplemachines.org,Agender,2000-10-28 19:49:58
698,Regan,rafonsojd@wp.com,Male,2021-04-11 05:53:47
699,Valma,vstormonthje@csmonitor.com,Male,1994-01-03 22:18:33
700,Erinn,eeskrickjf@freewebs.com,Female,2008-12-12 21:59:38
701,Jacky,jmemmoryjg@nih.gov,Genderqueer,2013-05-08 06:09:20
702,Brynn,bpatronojh@dailymotion.com,Non-binary,2015-03-15 17:55:35
703,Eadie,elanchesterji@dmoz.org,Female,1996-10-04 10:55:00
704,Panchito,prymelljj@hao123.com,Male,1990-10-13 11:48:47
705,Carol-jean,caringtonjk@tumblr.com,Polygender,2004-12-03 13:46:09
706,Daphna,digounetjl@hp.com,Genderqueer,2006-01-27 20:50:29
707,Bernadene,bdudderidgejm@vimeo.com,Agender,2020-09-09 22:33:41
708,Antonin,aillesjn@typepad.com,Female,2013-12-28 06:29:51
709,Imogene,ikingsnodejo@youtu.be,Genderfluid,2009-05-04 18:11:14
710,Agnesse,araittiejp@parallels.com,Bigender,2005-11-15 21:09:55
711,Jacqui,jmacneishjq@pagesperso-orange.fr,Genderfluid,2001-07-13 13:38:57
712,Hugibert,hhilldropjr@dagondesign.com,Bigender,2015-07-04 17:00:48
713,Rubia,rbondesenjs@virginia.edu,Polygender,2008-04-20 01:22:10
714,Wilona,wpursglovejt@soundcloud.com,Agender,2002-07-10 09:33:55
715,Marissa,mandriessenju@g.co,Agender,2004-11-04 16:05:10
716,Adena,adoddsjv@unblog.fr,Female,2000-02-19 12:59:58
717,Sven,spurslowjw@patch.com,Non-binary,1994-07-21 14:08:10
718,Dolf,dcutmerejx@fda.gov,Non-binary,2011-09-04 09:23:51
719,Catharine,cambrogiolijy@google.com.au,Bigender,1995-09-22 10:48:31
720,Nev,npiolijz@dell.com,Genderfluid,1991-09-01 21:47:36
721,Bertha,bcoylek0@washingtonpost.com,Non-binary,2006-03-09 07:43:07
722,Tristan,talbuttk1@ebay.com,Male,2011-04-15 06:51:16
723,Enrico,efairbridgek2@bloglovin.com,Polygender,2016-11-14 09:05:26
724,Kare,kperotk3@fastcompany.com,Non-binary,2020-06-13 11:40:37
725,Bowie,baslingk4@mac.com,Agender,2003-08-29 01:27:54
726,Monro,mboissieuxk5@cocolog-nifty.com,Non-binary,2007-03-12 08:08:55
727,Emmeline,ecopink6@g.co,Genderqueer,2003-07-03 13:10:15
728,Luke,lgreenlandk7@who.int,Bigender,2005-01-12 07:55:04
729,Pammi,pgreenleesk8@skyrock.com,Genderqueer,2005-11-18 10:00:24
730,Eustacia,erogank9@dagondesign.com,Agender,2005-06-25 18:40:16
731,Lowrance,lpagenka@quantcast.com,Male,2004-06-04 14:00:08
732,Etan,eholywellkb@shinystat.com,Genderqueer,1998-05-19 04:17:33
733,Rochella,rvivienkc@washington.edu,Female,2014-09-02 09:52:22
734,Carlynne,cfullickskd@networksolutions.com,Male,1994-06-25 08:43:04
735,Gianni,gsickertke@hugedomains.com,Agender,1994-04-18 15:22:02
736,Tierney,tbembridgekf@goo.gl,Agender,2020-11-16 02:03:38
737,Millie,mandrionikg@lycos.com,Genderqueer,2001-06-17 23:58:39
738,Giana,gdundredgekh@digg.com,Genderfluid,2016-03-31 07:29:55
739,Franny,fmacginneyki@unesco.org,Agender,2012-08-06 10:34:21
740,Claudine,ccassonkj@nbcnews.com,Genderqueer,2018-09-02 01:39:23
741,Kelly,kwudelandkk@mozilla.com,Non-binary,2019-12-04 20:28:54
742,Madelyn,mhowickkl@istockphoto.com,Genderqueer,2011-10-18 13:46:33
743,Frankie,fjolliekm@house.gov,Female,1999-11-16 14:13:03
744,Darill,dwilgarkn@theatlantic.com,Non-binary,2020-02-18 21:57:53
745,Maxie,mvollamko@issuu.com,Non-binary,2018-05-08 16:09:40
746,Honey,hgeikiekp@japanpost.jp,Male,2013-10-14 02:14:31
747,Connie,cdillowaykq@deliciousdays.com,Genderfluid,2021-01-18 13:06:14
748,Hillyer,hduckerkr@msu.edu,Female,2005-01-28 08:56:13
749,Bunni,bhudlessks@answers.com,Polygender,1993-05-21 12:52:27
750,Tiphani,tshillitokt@studiopress.com,Agender,2020-12-12 01:01:21
751,Kittie,kshildrickku@gov.uk,Genderfluid,2009-08-16 20:43:04
752,Kamilah,kellinghamkv@smugmug.com,Bigender,2012-09-21 07:33:09
753,Clayborne,cpercivalkw@google.it,Non-binary,2004-04-05 09:22:12
754,Bellina,brillstonekx@senate.gov,Non-binary,1991-10-25 05:12:11
755,Meagan,mbryettky@umich.edu,Non-binary,2008-05-14 07:17:32
756,Muffin,mtrousdalekz@census.gov,Bigender,1997-11-15 13:13:02
757,Calhoun,chaggithl0@friendfeed.com,Genderfluid,2006-07-08 05:36:05
758,Melania,mpresslandl1@twitpic.com,Genderqueer,2014-09-17 08:33:14
759,Mitch,mbeevensl2@scribd.com,Agender,2005-12-21 08:04:29
760,Druci,dguerrol3@vkontakte.ru,Polygender,2003-02-24 03:30:22
761,Salomon,sfissendenl4@state.gov,Agender,1999-08-08 10:05:33
762,Andres,aheigoldl5@msn.com,Polygender,2012-11-30 10:04:10
763,Vikky,vhewertsonl6@bloomberg.com,Non-binary,2003-08-26 06:55:06
764,Domeniga,dastilll7@timesonline.co.uk,Non-binary,1994-09-08 00:26:41
765,Josefa,jtyersl8@adobe.com,Agender,1998-05-01 22:03:35
766,Serene,sburnsydel9@dyndns.org,Female,2000-08-31 07:37:24
767,Dita,dcaldeyrouxla@cyberchimps.com,Bigender,2017-01-23 10:20:17
768,Denver,dcradoclb@pagesperso-orange.fr,Male,2002-03-04 17:58:41
769,Jeramie,jcarnocklc@elegantthemes.com,Agender,2003-08-01 17:53:46
770,Erina,eromainld@princeton.edu,Female,2002-05-31 15:56:35
771,Aldrich,ajimenezle@squidoo.com,Female,2001-11-26 11:56:07
772,Shir,sstanylandlf@pbs.org,Female,2019-08-13 16:34:45
773,Tiffy,tchatelainlg@npr.org,Non-binary,1997-09-10 16:32:45
774,Morly,massadlh@irs.gov,Non-binary,2010-08-05 21:03:55
775,Wylma,wleiboldli@wunderground.com,Bigender,1997-02-06 21:33:41
776,Alie,atoyelj@unesco.org,Genderfluid,2006-03-29 01:21:53
777,Dolorita,dandrionilk@tiny.cc,Male,2003-08-06 12:40:32
778,Justina,jheineckell@illinois.edu,Non-binary,1998-11-03 01:21:56
779,Clayborn,cbrockelsbylm@hubpages.com,Genderfluid,2010-03-15 19:13:27
780,Levey,lillingsworthln@va.gov,Male,2018-04-19 12:42:35
781,Hamil,hmacdunlevylo@ow.ly,Non-binary,2004-01-26 16:33:28
782,Ronnie,ryatmanlp@youku.com,Male,2000-02-19 07:38:58
783,Veda,vcamockelq@artisteer.com,Non-binary,2014-05-08 04:05:47
784,Judi,jtoxelllr@w3.org,Non-binary,1992-11-08 21:11:10
785,Ki,kgorssels@tiny.cc,Male,2011-03-19 04:20:19
786,Deidre,dkuhnellt@cdc.gov,Male,1997-10-22 21:44:33
787,Muffin,mlembkelu@com.com,Polygender,2016-07-27 02:45:39
788,Johnette,jgilsonlv@biblegateway.com,Female,1992-02-27 23:22:49
789,Nelle,nrevingtonlw@cnbc.com,Bigender,2008-06-12 08:24:38
790,Claretta,cjorilx@nih.gov,Non-binary,2005-12-16 11:35:34
791,Malia,maskawly@mozilla.com,Genderqueer,2002-08-15 05:19:55
792,Jade,jkesbylz@linkedin.com,Bigender,2020-11-29 16:44:32
793,Kaylil,kfiltnessm0@devhub.com,Polygender,2000-12-22 23:57:11
794,Elene,eivakhinm1@wikipedia.org,Male,2018-02-09 14:40:14
795,Fiona,fcompfortm2@sakura.ne.jp,Polygender,1993-10-29 04:32:32
796,Trudi,twabem3@umn.edu,Polygender,2016-08-10 01:42:54
797,Leola,lheardm4@rambler.ru,Male,2005-12-01 01:51:04
798,Sayer,santhoinem5@tiny.cc,Genderqueer,2004-05-19 05:13:48
799,Noach,npolm6@blinklist.com,Agender,2012-06-15 14:24:11
800,Marcos,mlismorem7@indiegogo.com,Bigender,2004-01-28 18:39:18
801,Abramo,arennardm8@merriam-webster.com,Non-binary,2013-10-26 06:59:49
802,August,ayurivtsevm9@desdev.cn,Agender,2020-04-28 00:51:06
803,Dalt,disardma@wsj.com,Genderfluid,2009-10-27 09:47:56
804,Marielle,mdelayglesiamb@blogger.com,Agender,2019-12-24 11:59:53
805,Liliane,llowdwellmc@narod.ru,Polygender,2016-03-15 04:23:12
806,Jen,jsharvillmd@state.tx.us,Genderqueer,2003-02-20 21:40:54
807,Meggi,mdishmonme@jigsy.com,Genderqueer,2016-10-20 22:47:29
808,Yvonne,ydomenymf@devhub.com,Non-binary,2003-03-30 11:11:42
809,Frederich,fbailemg@blogtalkradio.com,Agender,2015-08-17 05:21:15
810,Shaun,sschermemh@china.com.cn,Non-binary,1996-03-11 17:32:25
811,Maxi,mbutertonmi@dailymail.co.uk,Genderfluid,2002-04-04 14:32:13
812,Danna,dknowlingmj@webmd.com,Polygender,2010-03-03 06:37:23
813,Nisse,nmcveemk@opera.com,Male,1991-07-15 17:09:02
814,Sergeant,sdewittml@accuweather.com,Female,2016-09-19 10:47:49
815,Pedro,pmyottmm@elpais.com,Polygender,2020-05-11 04:50:42
816,Brandy,bliefmn@phpbb.com,Genderfluid,2013-02-14 07:57:33
817,Bobette,belsmoremo@reference.com,Agender,2005-05-08 03:07:55
818,Maxi,mdipietromp@slideshare.net,Female,2013-12-01 16:06:18
819,Dulcinea,dklampmq@geocities.jp,Polygender,2009-12-15 02:55:06
820,Ronica,rrobertshawmr@hao123.com,Bigender,2004-03-06 18:34:44
821,Stephanus,scamplinms@canalblog.com,Genderfluid,2001-10-17 22:22:47
822,Amble,aellicottmt@soundcloud.com,Female,1999-07-30 20:07:14
823,Page,phargravesmu@theatlantic.com,Non-binary,1996-06-28 18:10:09
824,Suzann,sfullemv@bandcamp.com,Polygender,1997-01-14 04:50:48
825,Kinsley,kmellowsmw@ameblo.jp,Bigender,1998-03-14 06:10:26
826,Jana,jbasnettmx@over-blog.com,Non-binary,2000-05-03 17:19:02
827,Ilise,ivogelemy@amazon.de,Genderfluid,1993-03-21 05:11:58
828,Corrinne,cjustmz@dailymail.co.uk,Genderqueer,2019-07-01 16:20:26
829,Joaquin,jtansilln0@hud.gov,Male,2015-08-26 17:34:04
830,Briny,bstanneyn1@t.co,Genderqueer,1995-08-19 06:35:18
831,Abraham,aberniern2@meetup.com,Non-binary,2018-09-02 09:51:53
832,Flemming,fcrenagen3@si.edu,Male,1997-11-05 18:34:37
833,Wadsworth,whunnicotn4@wordpress.com,Agender,2003-04-17 12:56:57
834,Valentia,vneesonn5@yellowbook.com,Genderfluid,2014-05-20 08:47:18
835,Mandy,mhaglandn6@bigcartel.com,Genderfluid,2012-09-13 21:51:22
836,Emilio,eseymourn7@nytimes.com,Male,1995-10-27 08:49:40
837,Delphinia,dsnaryn8@cdc.gov,Female,2010-09-17 04:59:29
838,Gisella,gdadsonn9@ed.gov,Genderfluid,2005-10-08 06:25:07
839,Gian,gnussenna@comcast.net,Genderqueer,2013-07-17 06:29:03
840,Gabriello,ggiacovellinb@shinystat.com,Female,2000-03-06 17:46:21
841,Johanna,jmaxfieldnc@pen.io,Genderfluid,2012-03-15 15:03:41
842,Tuck,trickfordnd@ifeng.com,Polygender,2006-10-01 22:18:39
843,Lind,lavrashinne@cyberchimps.com,Non-binary,2004-01-19 07:05:02
844,Ximenez,xhaldenbynf@wordpress.com,Non-binary,1996-06-10 02:42:36
845,Dacy,dromang@hao123.com,Genderqueer,2004-02-01 04:12:41
846,Sibby,swhitrodnh@google.com,Bigender,2000-06-27 17:32:32
847,Camila,cellerni@xinhuanet.com,Non-binary,2003-11-04 18:16:36
848,Rawley,rcardiffnj@nps.gov,Bigender,2014-11-05 06:57:28
849,Farlie,fmcpikenk@qq.com,Genderqueer,2010-12-27 03:29:13
850,Rickert,rjarradnl@ycombinator.com,Genderqueer,1996-04-25 22:13:41
851,Roxy,rmeiklenm@goodreads.com,Bigender,1999-04-27 10:25:21
852,Brunhilde,bhissettnn@gov.uk,Female,2002-08-04 23:49:28
853,Latrina,lstifeno@hud.gov,Non-binary,2018-09-05 18:43:22
854,Stevena,ssaltnp@bing.com,Bigender,1993-03-26 10:24:07
855,Aguste,amaywardnq@usnews.com,Non-binary,1993-05-05 10:58:31
856,Saraann,selijahunr@privacy.gov.au,Polygender,2000-08-21 02:23:14
857,Gareth,gwillerstonens@phpbb.com,Female,1993-01-25 04:35:06
858,Amandy,aheadannt@cpanel.net,Agender,2012-05-12 20:57:17
859,Ardys,ageorginsnu@stumbleupon.com,Genderqueer,2012-12-21 23:58:04
860,Raddie,rgenckenv@linkedin.com,Non-binary,2014-01-28 17:32:23
861,Pedro,pblabbernw@si.edu,Genderfluid,2015-05-12 15:10:34
862,Tamqrah,tkitchensidenx@sfgate.com,Genderfluid,2008-12-01 14:30:15
863,Katrine,kpiechany@skyrock.com,Bigender,2015-03-15 07:09:35
864,Elias,elabrumnz@unesco.org,Bigender,1997-05-10 21:01:16
865,Bary,brugieroo0@usa.gov,Bigender,1997-05-15 19:11:30
866,Francklin,fbarsbyo1@free.fr,Genderqueer,2017-12-14 05:55:51
867,Kristel,klappino2@hexun.com,Genderfluid,1994-07-25 06:45:40
868,Rebekah,rostlero3@purevolume.com,Agender,1994-02-18 22:40:27
869,Zelma,zjagoo4@google.co.uk,Female,1996-02-09 00:48:09
870,Thaddus,tmcclevertyo5@utexas.edu,Female,1992-03-26 05:01:14
871,Felizio,finnmano6@youku.com,Non-binary,1991-05-30 08:52:14
872,Robin,rsatchero7@europa.eu,Genderfluid,2013-05-24 23:47:21
873,Isidora,ibatteyo8@google.nl,Male,1999-06-21 12:41:46
874,Yardley,yplatfooto9@mit.edu,Non-binary,2000-02-18 16:52:08
875,Pietra,pchoudhuryoa@foxnews.com,Genderfluid,2002-09-11 00:30:15
876,Clive,ckrikorianob@yellowbook.com,Genderqueer,2013-09-07 09:09:42
877,Freddi,fdodsonoc@skype.com,Non-binary,2017-08-20 11:00:30
878,Leigh,lnewissod@wikia.com,Agender,2011-03-11 00:07:03
879,Wang,wskellorneoe@plala.or.jp,Agender,2017-07-11 18:01:50
880,Joceline,jcockleof@woothemes.com,Genderqueer,2009-05-08 05:42:25
881,Panchito,pcaulwellog@i2i.jp,Genderqueer,2012-09-02 06:12:40
882,Bernadine,bcheesworthoh@gizmodo.com,Genderqueer,2002-08-27 08:27:36
883,Northrop,ncausticoi@msn.com,Genderqueer,2017-09-20 05:37:18
884,Chico,cmorstonoj@edublogs.org,Genderqueer,2021-08-13 19:36:35
885,Curcio,cfilovok@bloglovin.com,Genderfluid,2009-04-05 00:16:09
886,Veronique,vwoodyerol@hc360.com,Bigender,1999-04-16 22:13:16
887,Tremayne,tbinyonom@google.co.uk,Non-binary,2001-03-24 01:28:15
888,Hyacinthe,hcollidgeon@vkontakte.ru,Genderqueer,2002-01-03 18:28:37
889,Cello,ctreugeoo@dell.com,Polygender,2011-03-01 10:36:13
890,Marlon,mgunop@who.int,Agender,2007-07-27 07:51:55
891,Margret,mfaieroq@latimes.com,Bigender,2014-10-31 23:38:34
892,Ignatius,iivattsor@nyu.edu,Agender,2019-06-30 04:31:59
893,Lorna,lgeorgios@godaddy.com,Agender,2005-07-12 15:14:18
894,Darrel,dpaulmannot@simplemachines.org,Male,2004-08-15 21:33:27
895,Anna-diana,aazemaou@flickr.com,Genderfluid,2016-10-09 13:18:18
896,Jacquetta,jrizzelliov@dailymail.co.uk,Female,2010-10-17 07:47:15
897,Tansy,twickenow@soup.io,Bigender,1998-12-06 16:03:15
898,Adina,agrisedaleox@merriam-webster.com,Female,2005-05-31 21:19:09
899,Brandice,bhedgeoy@webmd.com,Bigender,1994-08-21 00:35:14
900,Mackenzie,mcornalloz@biglobe.ne.jp,Genderqueer,2002-08-30 17:04:25
901,Stearn,sheijnenp0@boston.com,Non-binary,2003-07-06 04:51:32
902,Palmer,pdoudneyp1@latimes.com,Genderfluid,1998-04-30 07:08:05
903,Wade,wtraynorp2@blogs.com,Agender,2020-05-22 06:47:59
904,Sargent,sadrianop3@gnu.org,Female,2008-03-18 14:22:17
905,Laurice,lyoulep4@clickbank.net,Bigender,2019-06-25 12:28:29
906,Vidovic,vsegravep5@yellowbook.com,Genderqueer,1993-12-05 05:00:15
907,Christal,cmohunp6@bing.com,Non-binary,1999-06-25 04:30:30
908,Kary,kstevingsp7@fastcompany.com,Genderfluid,2006-11-25 05:46:34
909,Luce,lhayfieldp8@intel.com,Genderqueer,2014-11-11 06:11:06
910,Morlee,mheintzep9@sohu.com,Polygender,2006-03-05 16:16:26
911,Shandee,srummingspa@altervista.org,Agender,2003-03-02 22:51:44
912,Edee,eorrowpb@omniture.com,Female,2007-11-11 03:36:50
913,Vikky,vbrandopc@nytimes.com,Bigender,1992-04-20 18:03:06
914,Frannie,fanglesspd@europa.eu,Polygender,1993-05-13 03:50:43
915,Morly,mleiskpe@pbs.org,Genderqueer,2016-07-06 07:44:08
916,Joe,jtriggspf@upenn.edu,Genderfluid,2001-05-11 06:35:27
917,Lesya,lbruckerpg@bigcartel.com,Female,2021-01-09 05:16:14
918,Timotheus,thumphreyph@stumbleupon.com,Female,2014-03-14 01:53:14
919,Sampson,sbrittonpi@pagesperso-orange.fr,Female,1993-12-23 07:39:19
920,Pat,prushpj@nhs.uk,Genderfluid,1991-01-10 11:00:35
921,Heall,hfressonpk@amazon.co.uk,Genderfluid,2017-09-12 19:43:55
922,Lilia,lserverpl@ucoz.com,Genderqueer,1995-02-11 14:15:22
923,Lacie,lhesserpm@washingtonpost.com,Genderfluid,2002-09-15 05:01:15
924,Roxanna,rtarbetpn@mac.com,Agender,2018-01-26 11:53:34
925,Gabi,gbuftonpo@google.ca,Genderqueer,1998-08-07 08:22:06
926,Bronny,byersonpp@123-reg.co.uk,Non-binary,1996-10-09 23:02:42
927,Temple,tlibbypq@dell.com,Female,2016-09-17 21:07:40
928,Dukey,dfarrallpr@jigsy.com,Non-binary,2013-02-01 12:58:21
929,Marci,mcasellaps@businessweek.com,Male,2008-06-23 20:56:01
930,Patty,pdaceypt@sina.com.cn,Polygender,2012-01-05 12:58:39
931,Ivett,isimmancepu@free.fr,Polygender,2008-08-29 17:30:20
932,Gianni,gfishleypv@wordpress.org,Polygender,2009-10-23 18:07:19
933,Clifford,cgivespw@npr.org,Polygender,1996-10-01 11:23:18
934,Hyacinthe,hpattlepx@themeforest.net,Bigender,1992-08-21 10:38:53
935,Marigold,mkilrowpy@google.nl,Bigender,1994-06-01 11:27:07
936,Aldus,aphillispz@businessweek.com,Bigender,1999-02-12 05:24:44
937,Gayle,gmcguineyq0@slideshare.net,Female,1995-10-21 22:43:00
938,Ryon,rabbadoq1@tinyurl.com,Genderqueer,1990-11-13 13:01:09
939,Jo,jriseamq2@xing.com,Agender,2004-04-02 14:28:22
940,Cari,clantuffq3@ycombinator.com,Genderfluid,1996-11-09 19:19:31
941,Fransisco,fhuntonq4@marriott.com,Polygender,1996-06-06 20:54:49
942,Nathalie,nhebditchq5@live.com,Female,2004-10-23 07:53:45
943,Chris,cpoxtonq6@chron.com,Polygender,2019-09-05 10:47:54
944,Orly,oleathleyq7@latimes.com,Genderfluid,1993-06-02 13:32:55
945,Sukey,sfontellq8@is.gd,Non-binary,2004-09-30 09:40:06
946,Mada,mbrumptonq9@gravatar.com,Female,2016-01-21 19:54:23
947,Vernon,vmalsterqa@guardian.co.uk,Genderqueer,1992-09-20 18:15:06
948,Chelsy,ctalbyqb@hc360.com,Agender,2016-02-25 10:23:49
949,Derril,ddelleschiqc@state.tx.us,Female,1999-09-22 17:41:52
950,Ferdinand,fholganqd@mlb.com,Female,2014-05-26 11:19:34
951,Vivyanne,vswinerdqe@oakley.com,Genderqueer,2017-07-22 19:04:23
952,Odey,owallbridgeqf@delicious.com,Agender,1994-05-28 06:53:15
953,Finn,fnewlandqg@bloglovin.com,Polygender,2001-12-23 01:42:20
954,Brigida,bhowlingqh@t.co,Bigender,2010-12-21 21:30:47
955,Clem,cjenkingqi@nyu.edu,Agender,2011-04-03 00:45:30
956,Bethena,bbrookesqj@cornell.edu,Genderfluid,2005-07-16 11:37:48
957,Ivette,iskiptonqk@wikispaces.com,Agender,2012-05-05 03:42:37
958,Gabey,gvanderkruysql@cyberchimps.com,Agender,1991-01-25 20:32:30
959,Annalee,aclowsleyqm@exblog.jp,Bigender,2002-10-06 20:59:44
960,Karlen,kmournianqn@google.de,Polygender,2001-12-25 17:00:35
961,Reena,rbillitteriqo@wordpress.org,Genderfluid,1994-07-17 20:25:21
962,Adrianna,aselveyqp@goodreads.com,Genderqueer,1994-01-11 01:24:23
963,Bron,bspringthorpqq@marketwatch.com,Female,2004-09-03 19:21:55
964,Miller,mbarthelemyqr@instagram.com,Male,2021-01-03 21:49:11
965,Ethelyn,egeffeqs@cloudflare.com,Agender,2002-07-09 14:17:07
966,Constantine,ckeirlqt@nsw.gov.au,Female,1995-07-17 13:25:32
967,Fredericka,fmateescuqu@people.com.cn,Female,2009-12-03 00:27:26
968,Rosemary,rkernesqv@sun.com,Agender,2016-09-06 17:55:35
969,Sherill,swillshereqw@omniture.com,Genderqueer,2003-08-04 12:13:41
970,Cosmo,cwillesonqx@ted.com,Bigender,2019-01-28 07:07:34
971,Maurits,mcoxqy@cyberchimps.com,Polygender,2011-07-30 11:06:24
972,Stefa,sadshadqz@moonfruit.com,Genderfluid,2015-05-26 05:18:12
973,Layne,ldungeyr0@cargocollective.com,Genderqueer,1999-08-15 13:50:54
974,Demetrius,dgreevesonr1@wordpress.org,Non-binary,2010-06-15 06:09:48
975,Lorne,lsreenanr2@house.gov,Genderfluid,2020-07-17 00:07:57
976,Ryun,rpoteburyr3@blogs.com,Male,2016-10-07 12:24:34
977,Thomasin,tnoarr4@cloudflare.com,Genderfluid,1997-06-14 12:40:46
978,Garrek,gstickfordr5@wix.com,Non-binary,2003-09-07 21:07:44
979,Jaclyn,jtinwellr6@omniture.com,Male,2002-09-16 23:57:34
980,Shelly,swoolhamr7@dot.gov,Bigender,2009-07-02 15:50:59
981,Alexandr,ayewdellr8@msn.com,Male,1999-10-07 20:06:49
982,Florian,fgwynethr9@opera.com,Bigender,1991-11-05 01:10:32
983,Marion,mrooperra@uiuc.edu,Male,2009-12-23 12:40:55
984,Wendi,wmarshallsayrb@reuters.com,Genderqueer,1995-10-29 19:33:51
985,Crysta,cbastonerc@pbs.org,Non-binary,2008-11-24 08:32:41
986,Alfonso,ahaylettrd@wunderground.com,Genderfluid,2018-11-01 11:27:33
987,Zared,zhalsonre@chronoengine.com,Genderfluid,2019-09-03 05:55:51
988,Henri,hvalentinrf@google.de,Genderqueer,1995-10-08 10:17:07
989,Giavani,ggillierg@cnet.com,Agender,2012-02-25 21:51:04
990,Yelena,ywraxallrh@deliciousdays.com,Non-binary,1997-05-14 16:34:34
991,Vassily,vzannolliri@huffingtonpost.com,Non-binary,1992-04-02 08:15:12
992,Aubrey,akeetonrj@goodreads.com,Genderfluid,1995-10-04 14:15:36
993,Bastien,bsherlockrk@mlb.com,Agender,1994-01-15 12:24:55
994,Marcellus,mracciorl@nationalgeographic.com,Bigender,2007-01-19 03:56:10
995,Liana,lpiecherm@so-net.ne.jp,Bigender,2001-02-06 23:07:56
996,Anabelle,avillarn@php.net,Female,2001-01-26 08:39:07
997,Gretchen,gbransonro@qq.com,Female,2011-07-25 09:44:11
998,Randolph,rrampagerp@quantcast.com,Genderqueer,2016-08-13 11:10:21
999,Wynn,wribeirorq@msu.edu,Non-binary,2004-09-28 12:03:58
1000,Ansel,abramleyrr@java.com,Female,2014-03-14 00:32:27
